<?xml version="1.0" encoding="UTF-8"?>
<project-private xmlns="http://www.netbeans.org/ns/project-private/1">
    <editor-bookmarks xmlns="http://www.netbeans.org/ns/editor-bookmarks/2" lastBookmarkId="0"/>
    <open-files xmlns="http://www.netbeans.org/ns/projectui-open-files/2">
        <group>
            <file>file:/C:/Users/Bastien/Documents/NetBeansProjects/Projet%20POO%20Java/ProjetEcole/src/view/MainMenuGUI.java</file>
            <file>file:/C:/Users/Bastien/Documents/NetBeansProjects/Projet%20POO%20Java/ProjetEcole/src/view/MenuMAJGUI.java</file>
            <file>file:/C:/Users/Bastien/Documents/NetBeansProjects/Projet%20POO%20Java/ProjetEcole/src/view/ReportingGUI.java</file>
            <file>file:/C:/Users/Bastien/Documents/NetBeansProjects/Projet%20POO%20Java/ProjetEcole/src/controller/MainMenuController.java</file>
            <file>file:/C:/Users/Bastien/Documents/NetBeansProjects/Projet%20POO%20Java/ProjetEcole/src/fxml/Reporting.fxml</file>
        </group>
    </open-files>
</project-private>
