-- phpMyAdmin SQL Dump
-- version 4.8.4
-- https://www.phpmyadmin.net/
--
-- Hôte : 127.0.0.1:3306
-- Généré le :  Dim 09 juin 2019 à 00:00
-- Version du serveur :  5.7.24
-- Version de PHP :  7.2.14

SET SQL_MODE = "NO_AUTO_VALUE_ON_ZERO";
SET AUTOCOMMIT = 0;
START TRANSACTION;
SET time_zone = "+00:00";


/*!40101 SET @OLD_CHARACTER_SET_CLIENT=@@CHARACTER_SET_CLIENT */;
/*!40101 SET @OLD_CHARACTER_SET_RESULTS=@@CHARACTER_SET_RESULTS */;
/*!40101 SET @OLD_COLLATION_CONNECTION=@@COLLATION_CONNECTION */;
/*!40101 SET NAMES utf8mb4 */;

--
-- Base de données :  `ecole`
--

-- --------------------------------------------------------

--
-- Structure de la table `anneescolaire`
--

DROP TABLE IF EXISTS `anneescolaire`;
CREATE TABLE IF NOT EXISTS `anneescolaire` (
  `ID_anneescolaire` int(11) NOT NULL AUTO_INCREMENT,
  PRIMARY KEY (`ID_anneescolaire`)
) ENGINE=InnoDB AUTO_INCREMENT=1013 DEFAULT CHARSET=latin1;

--
-- Déchargement des données de la table `anneescolaire`
--

INSERT INTO `anneescolaire` (`ID_anneescolaire`) VALUES
(1001),
(1002);

-- --------------------------------------------------------

--
-- Structure de la table `bulletin`
--

DROP TABLE IF EXISTS `bulletin`;
CREATE TABLE IF NOT EXISTS `bulletin` (
  `ID_bulletin` int(11) NOT NULL AUTO_INCREMENT,
  `Appreciation` varchar(255) NOT NULL,
  `ID_trimestre` int(11) DEFAULT NULL,
  `ID_inscription` int(11) DEFAULT NULL,
  PRIMARY KEY (`ID_bulletin`),
  KEY `ID_trimestre` (`ID_trimestre`),
  KEY `ID_inscription` (`ID_inscription`)
) ENGINE=InnoDB AUTO_INCREMENT=2250 DEFAULT CHARSET=latin1;

--
-- Déchargement des données de la table `bulletin`
--

INSERT INTO `bulletin` (`ID_bulletin`, `Appreciation`, `ID_trimestre`, `ID_inscription`) VALUES
(2001, 'Bien', 11001, 8001),
(2002, 'Peu mieux faire.', 11002, 8001),
(2003, 'ok', 11003, 8001),
(2004, 'bof', 11001, 8002),
(2005, 'progres', 11002, 8002),
(2006, 'ok', 11003, 8002),
(2007, 'mediocre', 11001, 8003),
(2008, 'minable', 11002, 8003),
(2009, 'passable', 11003, 8003),
(2010, 'ridicule', 11001, 8004),
(2011, 'Tres bien', 11002, 8004),
(2012, 'decevant', 11003, 8004),
(2013, '', 11001, 8005),
(2014, 'Peu mieux faire.', 11002, 8005),
(2015, '', 11003, 8005),
(2016, '', 11001, 8006),
(2017, '', 11002, 8006),
(2018, '', 11003, 8006),
(2019, '.', 11001, 8007),
(2020, '', 11002, 8007),
(2021, '', 11003, 8007),
(2022, '', 11001, 8008),
(2023, '', 11002, 8008),
(2024, '', 11003, 8008),
(2025, '', 11001, 8009),
(2026, '', 11002, 8009),
(2027, 'Excellent', 11003, 8009),
(2028, '', 11001, 8010),
(2029, '.', 11002, 8010),
(2030, '', 11003, 8010),
(2031, '', 11001, 8011),
(2032, '', 11002, 8011),
(2033, '', 11003, 8011),
(2034, '', 11001, 8012),
(2035, '', 11002, 8012),
(2036, '', 11003, 8012),
(2037, 'Bien	', 11001, 8013),
(2038, 'Moins bien', 11002, 8013),
(2039, 'Bien', 11003, 8013),
(2040, '', 11001, 8014),
(2041, '', 11002, 8014),
(2042, '', 11003, 8014),
(2043, '', 11001, 8015),
(2044, '', 11002, 8015),
(2045, '', 11003, 8015),
(2046, '', 11001, 8016),
(2047, '', 11002, 8016),
(2048, '', 11003, 8016),
(2049, 'Bien', 11001, 8017),
(2050, 'Bien', 11002, 8017),
(2051, 'TB', 11003, 8017),
(2052, '', 11001, 8018),
(2053, '', 11002, 8018),
(2054, '', 11003, 8018),
(2055, '', 11001, 8019),
(2056, '', 11002, 8019),
(2057, '', 11003, 8019),
(2058, '', 11001, 8020),
(2059, '', 11002, 8020),
(2060, '', 11003, 8020),
(2061, 'Moyen', 11001, 8021),
(2062, '.', 11002, 8021),
(2063, '.', 11003, 8021),
(2064, '', 11001, 8022),
(2065, '', 11002, 8022),
(2066, '', 11003, 8022),
(2067, '', 11001, 8023),
(2068, '', 11002, 8023),
(2069, '', 11003, 8023),
(2070, '', 11001, 8024),
(2071, '', 11002, 8024),
(2072, '', 11003, 8024),
(2073, 'Bien', 11001, 8025),
(2074, 'Continue comme ça.', 11002, 8025),
(2075, 'Moyen', 11003, 8025),
(2076, '', 11001, 8026),
(2077, '', 11002, 8026),
(2078, '', 11003, 8026),
(2079, '', 11001, 8027),
(2080, '', 11002, 8027),
(2081, '', 11003, 8027),
(2082, '', 11001, 8028),
(2083, '', 11002, 8028),
(2084, '', 11003, 8028),
(2085, 'Assez bien', 11001, 8029),
(2086, 'Tres bien', 11002, 8029),
(2087, '', 11003, 8029),
(2121, 'Peu mieux faire.', 11004, 8041),
(2122, 'Excellent			', 11005, 8041),
(2123, 'Belle progression', 11006, 8041),
(2124, '', 11004, 8042),
(2125, '', 11005, 8042),
(2126, '', 11006, 8042),
(2127, '', 11004, 8043),
(2128, ' ', 11005, 8043),
(2129, '', 11006, 8043),
(2130, '', 11004, 8044),
(2131, '', 11005, 8044),
(2132, '', 11006, 8044),
(2133, 'Assez bien', 11004, 8045),
(2134, 'Peu mieux faire.', 11005, 8045),
(2135, '', 11006, 8045),
(2136, '', 11004, 8046),
(2137, '', 11005, 8046),
(2138, '', 11006, 8046),
(2139, '', 11004, 8047),
(2140, '', 11005, 8047),
(2141, '', 11006, 8047),
(2142, '', 11004, 8048),
(2143, '', 11005, 8048),
(2144, '', 11006, 8048),
(2145, 'Moyen', 11004, 8049),
(2146, 'Peu mieux faire.', 11005, 8049),
(2147, 'Courage', 11006, 8049),
(2148, '..................', 11004, 8050),
(2149, 'mieux..', 11005, 8050),
(2150, 'Excellent', 11006, 8050);

-- --------------------------------------------------------

--
-- Structure de la table `classe`
--

DROP TABLE IF EXISTS `classe`;
CREATE TABLE IF NOT EXISTS `classe` (
  `ID_classe` int(11) NOT NULL AUTO_INCREMENT,
  `Nom` varchar(255) NOT NULL,
  `ID_niveau` int(11) DEFAULT NULL,
  `ID_anneescolaire` int(11) DEFAULT NULL,
  PRIMARY KEY (`ID_classe`),
  KEY `ID_niveau` (`ID_niveau`),
  KEY `ID_anneescolaire` (`ID_anneescolaire`)
) ENGINE=InnoDB AUTO_INCREMENT=3028 DEFAULT CHARSET=latin1;

--
-- Déchargement des données de la table `classe`
--

INSERT INTO `classe` (`ID_classe`, `Nom`, `ID_niveau`, `ID_anneescolaire`) VALUES
(3001, 'A', 9001, 1001),
(3002, 'B', 9001, 1001),
(3003, 'Pro', 9002, 1001),
(3004, 'General', 9002, 1001),
(3005, 'S', 9003, 1001),
(3006, 'L', 9003, 1001),
(3007, 'ES', 9003, 1001),
(3008, 'S', 9004, 1001),
(3009, 'L', 9004, 1001),
(3010, 'ES', 9004, 1001),
(3011, 'A', 9001, 1002),
(3012, 'B', 9001, 1002),
(3013, 'Pro', 9002, 1002),
(3014, 'General', 9002, 1002),
(3015, 'S', 9003, 1002),
(3016, 'L', 9003, 1002),
(3017, 'ES', 9003, 1002),
(3018, 'S', 9004, 1002),
(3019, 'L', 9004, 1002),
(3020, 'ES', 9004, 1002);

-- --------------------------------------------------------

--
-- Structure de la table `detailbulletin`
--

DROP TABLE IF EXISTS `detailbulletin`;
CREATE TABLE IF NOT EXISTS `detailbulletin` (
  `ID_detailbulletin` int(11) NOT NULL AUTO_INCREMENT,
  `Appreciation` varchar(255) NOT NULL,
  `ID_bulletin` int(11) DEFAULT NULL,
  `ID_enseignement` int(11) DEFAULT NULL,
  PRIMARY KEY (`ID_detailbulletin`),
  KEY `ID_bulletin` (`ID_bulletin`),
  KEY `ID_enseignement` (`ID_enseignement`)
) ENGINE=InnoDB AUTO_INCREMENT=4747 DEFAULT CHARSET=latin1;

--
-- Déchargement des données de la table `detailbulletin`
--

INSERT INTO `detailbulletin` (`ID_detailbulletin`, `Appreciation`, `ID_bulletin`, `ID_enseignement`) VALUES
(4001, 'Bravo', 2001, 6001),
(4002, 'Excellent', 2001, 6009),
(4003, 'Minable', 2001, 6017),
(4004, 'hum..', 2001, 6027),
(4005, 'bravo', 2001, 6032),
(4006, 'superbe', 2001, 6035),
(4007, 'sèche les cours ', 2001, 6037),
(4009, 'capable de mieux', 2001, 6056),
(4010, 'TB', 2001, 6061),
(4011, 'Bien', 2001, 6071),
(4012, '', 2002, 6001),
(4013, '', 2002, 6009),
(4014, 'franglais..', 2002, 6017),
(4015, '', 2002, 6027),
(4016, 'seche les cours', 2002, 6032),
(4017, '', 2002, 6035),
(4018, '', 2002, 6037),
(4020, 'parfait !!', 2002, 6056),
(4021, '', 2002, 6061),
(4022, '', 2002, 6071),
(4023, '', 2003, 6001),
(4024, '', 2003, 6009),
(4025, '', 2003, 6017),
(4026, 'bravo', 2003, 6027),
(4027, '', 2003, 6032),
(4028, 'magnifique', 2003, 6035),
(4029, 'ne seche plus ', 2003, 6037),
(4031, '', 2003, 6056),
(4032, '', 2003, 6061),
(4033, '', 2003, 6071),
(4034, '', 2004, 6001),
(4035, '', 2004, 6009),
(4036, 'franglais', 2004, 6017),
(4037, '', 2004, 6027),
(4038, '', 2004, 6032),
(4039, '', 2004, 6035),
(4040, '', 2004, 6037),
(4042, 'seche les cours', 2004, 6056),
(4043, '', 2004, 6061),
(4044, '', 2004, 6071),
(4045, '', 2005, 6001),
(4046, '', 2005, 6009),
(4047, '', 2005, 6017),
(4048, '', 2005, 6027),
(4049, '', 2005, 6032),
(4050, '', 2005, 6035),
(4051, '', 2005, 6037),
(4053, '', 2005, 6056),
(4054, '', 2005, 6061),
(4055, '', 2005, 6071),
(4056, '', 2006, 6001),
(4057, '', 2006, 6009),
(4058, '', 2006, 6017),
(4059, '', 2006, 6027),
(4060, '', 2006, 6032),
(4061, '', 2006, 6035),
(4062, '', 2006, 6037),
(4064, '', 2006, 6056),
(4065, '', 2006, 6061),
(4066, '', 2006, 6071),
(4067, '', 2007, 6001),
(4068, '', 2007, 6009),
(4069, '', 2007, 6017),
(4070, '', 2007, 6027),
(4071, '', 2007, 6032),
(4072, '', 2007, 6035),
(4073, '', 2007, 6037),
(4075, '', 2007, 6056),
(4076, '', 2007, 6061),
(4077, '', 2007, 6071),
(4078, '', 2008, 6001),
(4079, '', 2008, 6009),
(4080, '', 2008, 6017),
(4081, '', 2008, 6027),
(4082, '', 2008, 6032),
(4083, '', 2008, 6035),
(4084, '', 2008, 6037),
(4086, '', 2008, 6056),
(4087, '', 2008, 6061),
(4088, '', 2008, 6071),
(4089, '', 2009, 6001),
(4090, '', 2009, 6009),
(4091, '', 2009, 6017),
(4092, '', 2009, 6027),
(4093, '', 2009, 6032),
(4094, '', 2009, 6035),
(4095, '', 2009, 6037),
(4097, '', 2009, 6056),
(4098, '', 2009, 6061),
(4099, '', 2009, 6071),
(4100, '', 2010, 6001),
(4101, '', 2010, 6009),
(4102, '', 2010, 6017),
(4103, '', 2010, 6027),
(4104, '', 2010, 6032),
(4105, '', 2010, 6035),
(4106, '', 2010, 6037),
(4108, '', 2010, 6056),
(4109, '', 2010, 6061),
(4110, '', 2010, 6071),
(4111, '', 2011, 6001),
(4112, '', 2011, 6009),
(4113, '', 2011, 6017),
(4114, '', 2011, 6027),
(4115, '', 2011, 6032),
(4116, '', 2011, 6035),
(4117, '', 2011, 6037),
(4119, '', 2011, 6056),
(4120, '', 2011, 6061),
(4121, '', 2011, 6071),
(4122, '', 2012, 6001),
(4123, '', 2012, 6009),
(4124, '', 2012, 6017),
(4125, '', 2012, 6027),
(4126, '', 2012, 6032),
(4127, '', 2012, 6035),
(4128, '', 2012, 6037),
(4130, '', 2012, 6056),
(4131, '', 2012, 6061),
(4132, '', 2012, 6071),
(4133, '', 2013, 6002),
(4134, '', 2013, 6010),
(4135, '', 2013, 6018),
(4136, '', 2013, 6028),
(4137, '', 2013, 6033),
(4138, '', 2013, 6036),
(4139, '', 2013, 6038),
(4141, '', 2013, 6057),
(4142, '', 2013, 6062),
(4143, '', 2013, 6072),
(4144, '', 2014, 6002),
(4145, '', 2014, 6010),
(4146, '', 2014, 6018),
(4147, '', 2014, 6028),
(4148, '', 2014, 6033),
(4149, '', 2014, 6036),
(4150, '', 2014, 6038),
(4152, '', 2014, 6057),
(4153, '', 2014, 6062),
(4154, '', 2014, 6072),
(4155, '', 2015, 6002),
(4156, '', 2015, 6010),
(4157, '', 2015, 6018),
(4158, '', 2015, 6028),
(4159, '', 2015, 6033),
(4160, '', 2015, 6036),
(4161, '', 2015, 6038),
(4163, '', 2015, 6057),
(4164, '', 2015, 6062),
(4165, '', 2015, 6072),
(4166, '', 2016, 6002),
(4167, '', 2016, 6010),
(4168, '', 2016, 6018),
(4169, '', 2016, 6028),
(4170, '', 2016, 6033),
(4171, '', 2016, 6036),
(4172, '', 2016, 6038),
(4174, '', 2016, 6057),
(4175, '', 2016, 6062),
(4176, '', 2016, 6072),
(4177, '', 2017, 6002),
(4178, '', 2017, 6010),
(4179, '', 2017, 6018),
(4180, '', 2017, 6028),
(4181, '', 2017, 6033),
(4182, '', 2017, 6036),
(4183, '', 2017, 6038),
(4185, '', 2017, 6057),
(4186, '', 2017, 6062),
(4187, '', 2017, 6072),
(4188, '', 2018, 6002),
(4189, '', 2018, 6010),
(4190, '', 2018, 6018),
(4191, '', 2018, 6028),
(4192, '', 2018, 6033),
(4193, '', 2018, 6036),
(4194, '', 2018, 6038),
(4196, '', 2018, 6057),
(4197, '', 2018, 6062),
(4198, '', 2018, 6072),
(4199, '', 2019, 6002),
(4200, '', 2019, 6010),
(4201, '', 2019, 6018),
(4202, '', 2019, 6028),
(4203, '', 2019, 6033),
(4204, '', 2019, 6036),
(4205, '', 2019, 6038),
(4207, '', 2019, 6057),
(4208, '', 2019, 6062),
(4209, '', 2019, 6072),
(4210, '', 2020, 6002),
(4211, '', 2020, 6010),
(4212, '', 2020, 6018),
(4213, '', 2020, 6028),
(4214, '', 2020, 6033),
(4215, '', 2020, 6036),
(4216, '', 2020, 6038),
(4218, '', 2020, 6057),
(4219, '', 2020, 6062),
(4220, '', 2020, 6072),
(4221, '', 2021, 6002),
(4222, '', 2021, 6010),
(4223, '', 2021, 6018),
(4224, '', 2021, 6028),
(4225, '', 2021, 6033),
(4226, '', 2021, 6036),
(4227, '', 2021, 6038),
(4229, '', 2021, 6057),
(4230, '', 2021, 6062),
(4231, '', 2021, 6072),
(4232, '', 2022, 6002),
(4233, '', 2022, 6010),
(4234, '', 2022, 6018),
(4235, '', 2022, 6028),
(4236, '', 2022, 6033),
(4237, '', 2022, 6036),
(4238, '', 2022, 6038),
(4240, '', 2022, 6057),
(4241, '', 2022, 6062),
(4242, '', 2022, 6072),
(4243, '', 2023, 6071),
(4244, '', 2023, 6002),
(4245, '', 2023, 6010),
(4246, '', 2023, 6018),
(4247, '', 2023, 6028),
(4248, '', 2023, 6033),
(4249, '', 2023, 6036),
(4250, '', 2023, 6038),
(4252, '', 2023, 6057),
(4253, '', 2023, 6062),
(4254, '', 2023, 6072),
(4255, '', 2024, 6002),
(4256, '', 2024, 6010),
(4257, '', 2024, 6018),
(4258, '', 2024, 6028),
(4259, '', 2024, 6033),
(4260, '', 2024, 6036),
(4261, '', 2024, 6038),
(4263, '', 2024, 6057),
(4264, '', 2024, 6062),
(4265, '', 2024, 6072),
(4266, '', 2025, 6003),
(4267, '', 2025, 6011),
(4268, '', 2025, 6019),
(4269, '', 2025, 6034),
(4270, '', 2025, 6055),
(4271, '', 2025, 6063),
(4272, '', 2025, 6073),
(4273, '', 2026, 6003),
(4274, '', 2026, 6011),
(4275, '', 2026, 6019),
(4276, '', 2026, 6034),
(4277, '', 2026, 6055),
(4278, '', 2026, 6063),
(4279, '', 2026, 6073),
(4280, '', 2027, 6003),
(4281, '', 2027, 6011),
(4282, '', 2027, 6019),
(4283, '', 2027, 6034),
(4284, '', 2027, 6055),
(4285, '', 2027, 6063),
(4286, '', 2027, 6073),
(4287, '', 2037, 6004),
(4288, '', 2037, 6012),
(4289, '', 2037, 6020),
(4290, '', 2037, 6029),
(4291, '', 2037, 6039),
(4293, '', 2037, 6058),
(4294, '', 2037, 6064),
(4295, '', 2037, 6074),
(4296, '', 2038, 6004),
(4297, '', 2038, 6012),
(4298, '', 2038, 6020),
(4299, '', 2038, 6029),
(4300, '', 2038, 6039),
(4302, '', 2038, 6058),
(4303, '', 2038, 6064),
(4304, '', 2038, 6074),
(4305, '', 2039, 6004),
(4306, '', 2039, 6012),
(4307, '', 2039, 6020),
(4308, '', 2039, 6029),
(4309, '', 2039, 6039),
(4311, '', 2039, 6058),
(4312, '', 2039, 6064),
(4313, '', 2039, 6074),
(4314, '', 2049, 6005),
(4315, '', 2049, 6013),
(4316, '', 2049, 6021),
(4317, '', 2049, 6030),
(4318, '', 2049, 6040),
(4320, '', 2049, 6059),
(4321, '', 2049, 6065),
(4322, '', 2049, 6075),
(4323, '', 2050, 6005),
(4324, '', 2050, 6013),
(4325, '', 2050, 6021),
(4326, '', 2050, 6030),
(4327, '', 2050, 6040),
(4329, '', 2050, 6059),
(4330, '', 2050, 6065),
(4331, '', 2050, 6075),
(4332, '', 2051, 6005),
(4333, '', 2051, 6013),
(4334, '', 2051, 6021),
(4335, '', 2051, 6030),
(4336, '', 2051, 6040),
(4338, '', 2051, 6059),
(4339, '', 2051, 6065),
(4340, '', 2051, 6075),
(4341, '', 2061, 6014),
(4342, '', 2061, 6022),
(4343, '', 2061, 6041),
(4345, '', 2061, 6066),
(4346, '', 2061, 6076),
(4347, '', 2062, 6014),
(4348, '', 2062, 6022),
(4349, '', 2062, 6041),
(4351, '', 2062, 6066),
(4352, '', 2062, 6076),
(4353, '', 2063, 6014),
(4354, '', 2063, 6022),
(4355, '', 2063, 6041),
(4357, '', 2063, 6066),
(4358, '', 2063, 6076),
(4359, '', 2073, 6006),
(4360, '', 2073, 6015),
(4361, '', 2073, 6023),
(4362, '', 2073, 6042),
(4364, '', 2073, 6067),
(4365, '', 2073, 6077),
(4366, '', 2073, 6084),
(4367, '', 2074, 6006),
(4368, '', 2074, 6015),
(4369, '', 2074, 6023),
(4370, '', 2074, 6042),
(4372, '', 2074, 6067),
(4373, '', 2074, 6077),
(4374, '', 2074, 6084),
(4375, '', 2075, 6006),
(4376, '', 2075, 6015),
(4377, '', 2075, 6023),
(4378, '', 2075, 6042),
(4380, '', 2075, 6067),
(4381, '', 2075, 6077),
(4382, '', 2075, 6084),
(4383, '', 2085, 6007),
(4384, '', 2085, 6024),
(4385, '', 2085, 6031),
(4386, '', 2085, 6043),
(4388, '', 2085, 6060),
(4389, '', 2085, 6068),
(4390, '', 2085, 6078),
(4391, '', 2085, 6081),
(4392, '', 2086, 6007),
(4394, '', 2086, 6024),
(4395, '', 2086, 6031),
(4396, '', 2086, 6043),
(4398, '', 2086, 6060),
(4399, '', 2086, 6068),
(4400, '', 2086, 6078),
(4401, '', 2086, 6081),
(4402, '', 2087, 6007),
(4403, '', 2087, 6024),
(4404, '', 2087, 6031),
(4405, '', 2087, 6043),
(4407, '', 2087, 6060),
(4408, '', 2087, 6068),
(4409, '', 2087, 6078),
(4410, '', 2087, 6081),
(4451, '', 2121, 6089),
(4452, '', 2121, 6097),
(4453, '', 2121, 6105),
(4454, '', 2121, 6120),
(4455, '', 2121, 6141),
(4456, '', 2121, 6149),
(4457, '', 2121, 6159),
(4458, '', 2122, 6085),
(4459, '', 2122, 6089),
(4460, '', 2122, 6097),
(4461, '', 2122, 6105),
(4462, '', 2122, 6120),
(4463, 'excellent', 2122, 6141),
(4464, '', 2122, 6149),
(4465, '', 2122, 6159),
(4466, '', 2123, 6085),
(4467, '', 2123, 6089),
(4468, '', 2123, 6097),
(4469, '', 2123, 6105),
(4470, '', 2123, 6120),
(4471, '', 2123, 6141),
(4472, '', 2123, 6149),
(4473, '', 2123, 6159),
(4474, '', 2133, 6090),
(4475, '', 2133, 6098),
(4476, '', 2133, 6106),
(4477, '', 2133, 6115),
(4478, '', 2133, 6125),
(4480, '', 2133, 6144),
(4481, '', 2133, 6150),
(4482, '', 2133, 6160),
(4483, '', 2134, 6090),
(4484, '', 2134, 6098),
(4485, '', 2134, 6106),
(4486, '', 2134, 6115),
(4487, '', 2134, 6125),
(4489, '', 2134, 6144),
(4490, '', 2134, 6150),
(4491, '', 2134, 6160),
(4492, '', 2135, 6090),
(4493, '', 2135, 6098),
(4494, '', 2135, 6106),
(4495, '', 2135, 6115),
(4496, '', 2135, 6125),
(4498, '', 2135, 6144),
(4499, '', 2135, 6150),
(4500, '', 2135, 6160),
(4501, '', 2135, 6091),
(4502, '', 2145, 6099),
(4503, '', 2145, 6107),
(4504, '', 2145, 6116),
(4505, '', 2145, 6126),
(4507, '', 2145, 6145),
(4508, '', 2145, 6151),
(4509, '', 2145, 6161),
(4510, '', 2146, 6091),
(4511, '', 2146, 6099),
(4512, '', 2146, 6107),
(4513, '', 2146, 6116),
(4514, '', 2146, 6126),
(4516, '', 2146, 6145),
(4517, '', 2146, 6151),
(4518, '', 2146, 6161),
(4519, '', 2147, 6091),
(4520, '', 2147, 6099),
(4521, '', 2147, 6107),
(4522, '', 2147, 6116),
(4523, '', 2147, 6126),
(4525, '', 2147, 6145),
(4526, '', 2147, 6151),
(4527, '', 2147, 6161),
(4528, '', 2148, 6100),
(4529, '', 2148, 6108),
(4530, '', 2148, 6127),
(4532, '', 2148, 6152),
(4533, '', 2148, 6162),
(4534, '', 2149, 6100),
(4535, '', 2149, 6108),
(4536, '', 2149, 6127),
(4538, '', 2149, 6152),
(4539, '', 2149, 6162),
(4540, '', 2150, 6100),
(4541, '', 2150, 6108),
(4542, '', 2150, 6127),
(4544, '', 2150, 6152),
(4545, '', 2150, 6162);

-- --------------------------------------------------------

--
-- Structure de la table `discipline`
--

DROP TABLE IF EXISTS `discipline`;
CREATE TABLE IF NOT EXISTS `discipline` (
  `ID_discipline` int(11) NOT NULL AUTO_INCREMENT,
  `Nom` varchar(255) NOT NULL,
  PRIMARY KEY (`ID_discipline`)
) ENGINE=InnoDB AUTO_INCREMENT=5016 DEFAULT CHARSET=latin1;

--
-- Déchargement des données de la table `discipline`
--

INSERT INTO `discipline` (`ID_discipline`, `Nom`) VALUES
(5001, 'Maths'),
(5002, 'Francais'),
(5003, 'Anglais'),
(5004, 'SVT'),
(5005, 'Technologie'),
(5006, 'Musique'),
(5007, 'Espagnol'),
(5008, 'Informatique'),
(5009, 'Physique'),
(5010, 'EPS'),
(5011, 'Histoire'),
(5012, 'Philosophie'),
(5013, 'Economie'),
(5014, 'Sciences');

-- --------------------------------------------------------

--
-- Structure de la table `enseignant`
--

DROP TABLE IF EXISTS `enseignant`;
CREATE TABLE IF NOT EXISTS `enseignant` (
  `ID_enseignant` int(11) NOT NULL AUTO_INCREMENT,
  `Nom` varchar(255) NOT NULL,
  `Prenom` varchar(255) NOT NULL,
  `Sexe` varchar(255) NOT NULL,
  PRIMARY KEY (`ID_enseignant`)
) ENGINE=InnoDB AUTO_INCREMENT=12017 DEFAULT CHARSET=latin1;

--
-- Déchargement des données de la table `enseignant`
--

INSERT INTO `enseignant` (`ID_enseignant`, `Nom`, `Prenom`, `Sexe`) VALUES
(12001, 'Bruna', 'Charlotte', 'F'),
(12002, 'Borell', 'Axell', 'M'),
(12003, 'Goupil', 'Pierre', 'M'),
(12004, 'Carmona', 'Paula', 'F'),
(12005, 'Putz', 'Dimitri', 'M'),
(12006, 'Duderan', 'Pierre', 'M'),
(12007, 'Dutoit', 'Alice', 'F'),
(12008, 'Leopola', 'Anne', 'F'),
(12009, 'Moloartu', 'Sophie', 'F'),
(12010, 'Sybeth', 'Kristina', 'F'),
(12011, 'Artipo', 'Leo', 'M'),
(12012, 'Qiryoli', 'Celine', 'F'),
(12013, 'Qwartz', 'Solange', 'F'),
(12014, 'Djibouti', 'Kamel', 'M'),
(12015, 'Zulman', 'Paul', 'M'),
(12016, 'Charie', 'Benoit', 'M');

-- --------------------------------------------------------

--
-- Structure de la table `enseignement`
--

DROP TABLE IF EXISTS `enseignement`;
CREATE TABLE IF NOT EXISTS `enseignement` (
  `ID_enseignement` int(11) NOT NULL AUTO_INCREMENT,
  `ID_classe` int(11) DEFAULT NULL,
  `ID_discipline` int(11) DEFAULT NULL,
  `ID_enseignant` int(11) DEFAULT NULL,
  PRIMARY KEY (`ID_enseignement`),
  KEY `ID_classe` (`ID_classe`),
  KEY `ID_discipline` (`ID_discipline`),
  KEY `ID_enseignant` (`ID_enseignant`)
) ENGINE=InnoDB AUTO_INCREMENT=6898 DEFAULT CHARSET=latin1;

--
-- Déchargement des données de la table `enseignement`
--

INSERT INTO `enseignement` (`ID_enseignement`, `ID_classe`, `ID_discipline`, `ID_enseignant`) VALUES
(6001, 3001, 5001, 12002),
(6002, 3002, 5001, 12002),
(6003, 3003, 5001, 12002),
(6004, 3004, 5001, 12002),
(6005, 3005, 5001, 12007),
(6006, 3007, 5001, 12002),
(6007, 3008, 5001, 12007),
(6008, 3010, 5001, 12007),
(6009, 3001, 5002, 12010),
(6010, 3002, 5002, 12006),
(6011, 3003, 5002, 12010),
(6012, 3004, 5002, 12010),
(6013, 3005, 5002, 12006),
(6014, 3006, 5002, 12006),
(6015, 3007, 5002, 12010),
(6016, 3009, 5002, 12010),
(6017, 3001, 5003, 12003),
(6018, 3002, 5003, 12003),
(6019, 3003, 5003, 12003),
(6020, 3004, 5003, 12001),
(6021, 3005, 5003, 12001),
(6022, 3006, 5003, 12001),
(6023, 3007, 5003, 12001),
(6024, 3008, 5003, 12003),
(6025, 3009, 5003, 12003),
(6026, 3010, 5003, 12001),
(6027, 3001, 5004, 12002),
(6028, 3002, 5004, 12002),
(6029, 3004, 5004, 12005),
(6030, 3005, 5004, 12005),
(6031, 3008, 5004, 12016),
(6032, 3001, 5005, 12008),
(6033, 3002, 5005, 12008),
(6034, 3003, 5005, 12008),
(6035, 3001, 5006, 12011),
(6036, 3002, 5006, 12011),
(6037, 3001, 5007, 12012),
(6038, 3002, 5007, 12012),
(6039, 3004, 5007, 12012),
(6040, 3005, 5007, 12012),
(6041, 3006, 5007, 12012),
(6042, 3007, 5007, 12012),
(6043, 3008, 5007, 12012),
(6044, 3009, 5007, 12012),
(6045, 3010, 5007, 12012),
(6055, 3003, 5008, 12008),
(6056, 3001, 5009, 12010),
(6057, 3002, 5009, 12010),
(6058, 3004, 5009, 12010),
(6059, 3005, 5009, 12010),
(6060, 3008, 5009, 12010),
(6061, 3001, 5010, 12015),
(6062, 3002, 5010, 12015),
(6063, 3003, 5010, 12015),
(6064, 3004, 5010, 12015),
(6065, 3005, 5010, 12015),
(6066, 3006, 5010, 12015),
(6067, 3007, 5010, 12015),
(6068, 3008, 5010, 12015),
(6069, 3009, 5010, 12015),
(6070, 3010, 5010, 12015),
(6071, 3001, 5011, 12009),
(6072, 3002, 5011, 12009),
(6073, 3003, 5011, 12009),
(6074, 3004, 5011, 12009),
(6075, 3005, 5011, 12009),
(6076, 3006, 5011, 12009),
(6077, 3007, 5011, 12009),
(6078, 3008, 5011, 12009),
(6079, 3009, 5011, 12009),
(6080, 3010, 5011, 12009),
(6081, 3008, 5012, 12014),
(6082, 3009, 5012, 12014),
(6083, 3010, 5012, 12014),
(6084, 3007, 5013, 12004),
(6085, 3010, 5013, 12004),
(6086, 3009, 5014, 12016),
(6087, 3011, 5001, 12002),
(6088, 3012, 5001, 12002),
(6089, 3013, 5001, 12002),
(6090, 3014, 5001, 12002),
(6091, 3015, 5001, 12007),
(6092, 3017, 5001, 12002),
(6093, 3018, 5001, 12007),
(6094, 3020, 5001, 12007),
(6095, 3011, 5002, 12010),
(6096, 3012, 5002, 12006),
(6097, 3013, 5002, 12010),
(6098, 3014, 5002, 12010),
(6099, 3015, 5002, 12006),
(6100, 3016, 5002, 12006),
(6101, 3017, 5002, 12010),
(6102, 3019, 5002, 12010),
(6103, 3011, 5003, 12003),
(6104, 3012, 5003, 12003),
(6105, 3013, 5003, 12003),
(6106, 3014, 5003, 12001),
(6107, 3015, 5003, 12001),
(6108, 3016, 5003, 12001),
(6109, 3017, 5003, 12001),
(6110, 3018, 5003, 12003),
(6111, 3019, 5003, 12003),
(6112, 3020, 5003, 12001),
(6113, 3011, 5004, 12002),
(6114, 3012, 5004, 12002),
(6115, 3014, 5004, 12005),
(6116, 3015, 5004, 12005),
(6117, 3018, 5004, 12016),
(6118, 3011, 5005, 12008),
(6119, 3012, 5005, 12008),
(6120, 3013, 5005, 12008),
(6121, 3011, 5006, 12011),
(6122, 3012, 5006, 12011),
(6123, 3011, 5007, 12012),
(6124, 3012, 5007, 12012),
(6125, 3014, 5007, 12012),
(6126, 3015, 5007, 12012),
(6127, 3016, 5007, 12012),
(6128, 3017, 5007, 12012),
(6129, 3018, 5007, 12012),
(6130, 3019, 5007, 12012),
(6131, 3020, 5007, 12012),
(6141, 3013, 5008, 12008),
(6142, 3011, 5009, 12010),
(6143, 3012, 5009, 12010),
(6144, 3014, 5009, 12010),
(6145, 3015, 5009, 12010),
(6146, 3018, 5009, 12010),
(6147, 3011, 5010, 12015),
(6148, 3012, 5010, 12015),
(6149, 3013, 5010, 12015),
(6150, 3014, 5010, 12015),
(6151, 3015, 5010, 12015),
(6152, 3016, 5010, 12015),
(6153, 3017, 5010, 12015),
(6154, 3018, 5010, 12015),
(6155, 3019, 5010, 12015),
(6156, 3020, 5010, 12015),
(6157, 3011, 5011, 12009),
(6158, 3012, 5011, 12009),
(6159, 3013, 5011, 12009),
(6160, 3014, 5011, 12009),
(6161, 3015, 5011, 12009),
(6162, 3016, 5011, 12009),
(6163, 3017, 5011, 12009),
(6164, 3018, 5011, 12009),
(6165, 3019, 5011, 12009),
(6166, 3020, 5011, 12009),
(6167, 3018, 5012, 12014),
(6168, 3019, 5012, 12014),
(6169, 3020, 5012, 12014),
(6170, 3017, 5013, 12004),
(6171, 3020, 5013, 12004),
(6172, 3019, 5014, 12016);

-- --------------------------------------------------------

--
-- Structure de la table `etudiant`
--

DROP TABLE IF EXISTS `etudiant`;
CREATE TABLE IF NOT EXISTS `etudiant` (
  `ID_etudiant` int(11) NOT NULL AUTO_INCREMENT,
  `Nom` varchar(255) NOT NULL,
  `Prenom` varchar(255) NOT NULL,
  `Sexe` varchar(255) NOT NULL,
  PRIMARY KEY (`ID_etudiant`)
) ENGINE=InnoDB AUTO_INCREMENT=13101 DEFAULT CHARSET=latin1;

--
-- Déchargement des données de la table `etudiant`
--

INSERT INTO `etudiant` (`ID_etudiant`, `Nom`, `Prenom`, `Sexe`) VALUES
(13001, 'Borie', 'Alice', 'F'),
(13002, 'Lajeune', 'Gaétan', 'M'),
(13003, 'Le_guern', 'Bastien', 'M'),
(13004, 'Roemer', 'Faustine', 'F'),
(13005, 'Lashermes', 'Cecile', 'F'),
(13006, 'Venuti', 'Thibault', 'M'),
(13007, 'Adibu', 'Mohamed', 'M'),
(13008, 'Sanchez', 'Pedro', 'M'),
(13009, 'Fracchia', 'Shannon', 'F'),
(13010, 'Sestier', 'Charlotte', 'F'),
(13011, 'Seree', 'Thomas', 'M'),
(13012, 'Nevado', 'Marine', 'F'),
(13013, 'Witz ', 'Theo ', 'M'),
(13014, 'McQueen', 'Alexander', 'M'),
(13015, 'Trouve', 'Jade', 'F'),
(13016, 'Greko', 'Jade', 'F'),
(13017, 'Bros', 'Mario', 'M'),
(13018, 'Rico', 'Johnny', 'M'),
(13019, 'Ilbanez', 'Carmen', 'F'),
(13020, 'Flores', 'Dizzy', 'F'),
(13021, 'Connor', 'Sarah', 'F'),
(13022, 'Connor', 'John', 'M'),
(13023, 'Angel', 'Nicolas', 'M'),
(13024, 'Pilgrim', 'Scott', 'M'),
(13025, 'Rambo', 'John', 'M'),
(13026, 'Joestar', 'Jonathan', 'M'),
(13027, 'Joestar', 'Joseph', 'M'),
(13028, 'Anderson', 'Thomas', 'M'),
(13029, 'McClane', 'John', 'M');

-- --------------------------------------------------------

--
-- Structure de la table `evaluation`
--

DROP TABLE IF EXISTS `evaluation`;
CREATE TABLE IF NOT EXISTS `evaluation` (
  `ID_evaluation` int(11) NOT NULL AUTO_INCREMENT,
  `Appreciation` varchar(255) NOT NULL,
  `Note` double NOT NULL,
  `ID_detailbulletin` int(11) DEFAULT NULL,
  PRIMARY KEY (`ID_evaluation`),
  KEY `ID_detailbulletin` (`ID_detailbulletin`)
) ENGINE=InnoDB AUTO_INCREMENT=7844 DEFAULT CHARSET=latin1;

--
-- Déchargement des données de la table `evaluation`
--

INSERT INTO `evaluation` (`ID_evaluation`, `Appreciation`, `Note`, `ID_detailbulletin`) VALUES
(7001, 'Bravo !!', 20, 4001),
(7002, 'En progres', 13.5, 4001),
(7004, 'Nul', 5, 4001),
(7005, 'Bien', 15, 4002),
(7006, 'plagiat', 0.5, 4003),
(7007, 'plagiat ', 0.5, 4004),
(7008, 'peu mieux faire', 12.5, 4004),
(7009, 'Excellent', 18, 4005),
(7010, 'presque parfait', 19, 4006),
(7011, 'tricherie', 0, 4007),
(7014, 'OK', 7, 4009),
(7015, 'OK', 13.5, 4003),
(7016, 'Excellent', 18, 4010),
(7017, 'Bien', 15, 4011),
(7018, 'Nul', 5, 4012),
(7019, 'peu mieux faire', 12, 4013),
(7020, 'tb', 16, 4013),
(7021, 'plagiat ', 0, 4013),
(7022, 'pourquoi pas', 2.5, 4014),
(7023, 'presque parfait', 19, 4015),
(7024, 'sans commentaire', 1.5, 4016),
(7025, 'tricherie', 0, 4016),
(7026, 'Passable ..', 20, 4020),
(7027, 'En progres', 13, 4021),
(7028, 'Nul', 5, 4021),
(7029, 'Bien', 15, 4022),
(7030, 'plagiat', 0, 4022),
(7031, 'Excellent pour vous !', 13, 4023),
(7032, 'plagiat ', 0, 4023),
(7033, 'peu mieux faire', 12, 4024),
(7034, 'Très bien ', 18, 4026),
(7035, 'presque parfait', 19, 4025),
(7036, 'tricherie', 0, 4025),
(7037, 'sans commentaire', 1, 4025),
(7038, 'pourquoi pas', 2, 4027),
(7039, 'Peu mieux faire', 20, 4028),
(7040, 'Très bien', 18, 4029),
(7043, 'peu mieux faire', 12, 4031),
(7044, 'plagiat', 0, 4031),
(7045, 'plagiat ', 0, 4032),
(7046, 'pourquoi pas', 2, 4033),
(7047, 'presque parfait', 19, 4034),
(7048, 'sans commentaire', 1, 4035),
(7049, 'tricherie', 0, 4036),
(7050, 'Bravo !!', 20, 4037),
(7051, 'En progres', 13, 4037),
(7052, 'Nul', 5, 4037),
(7053, 'Bien', 15, 4038),
(7054, 'plagiat', 2.5, 4039),
(7055, 'OK', 13, 4010),
(7056, 'plagiat ', 0, 4040),
(7060, 'tricherie', 0, 4042),
(7061, 'sans commentaire', 1, 4043),
(7062, 'pourquoi pas', 2, 4044),
(7063, 'OK', 7, 4044),
(7064, 'Excellent', 18, 4045),
(7065, 'Pitoyable', 3, 4046),
(7066, 'Nul', 5, 4012),
(7067, 'peu mieux faire', 1, 4060),
(7069, 'plagiat ', 0, 4037),
(7070, 'pourquoi pas', 2, 4072),
(7071, 'presque parfait', 19, 4078),
(7072, 'sans commentaire', 1, 4079),
(7073, 'tricherie', 0, 4080),
(7074, 'Passable ..', 20, 4080),
(7075, 'En progres', 13, 4080),
(7076, 'Nul', 5, 4081),
(7077, 'Bien', 15, 4082),
(7078, 'plagiat', 0, 4083),
(7079, 'Excellent pour vous !', 13, 4083),
(7080, 'plagiat ', 0, 4084),
(7083, 'tricherie', 0, 4086),
(7084, 'sans commentaire', 1, 4087),
(7085, 'Très bien ', 18, 4088),
(7086, 'pourquoi pas', 2, 4088),
(7087, 'Peu mieux faire', 20, 4089),
(7088, 'Très bien', 18, 4090),
(7089, 'Bien', 15, 4091),
(7090, 'Nul', 5, 4091),
(7091, 'peu mieux faire', 12, 4090),
(7092, 'plagiat', 0, 4092),
(7094, 'pourquoi pas', 2, 4100),
(7095, 'presque parfait', 19, 4123),
(7096, 'sans commentaire', 1, 4125),
(7097, 'tricherie', 0, 4136),
(7098, 'tricherie', 0, 4205),
(7100, 'presque parfait', 19, 4180),
(7102, 'plagiat ', 0, 4256),
(7103, 'plagiat', 0, 4111),
(7104, 'passable', 8, 4453),
(7105, 'Bien', 20, 4455),
(7106, 'peu mieux faire', 12, 4090),
(7107, 'Très bien', 18, 4090),
(7108, 'Peu mieux faire', 20, 4089),
(7109, 'Très bien ', 18, 4088),
(7110, 'pourquoi pas', 2, 4088),
(7111, 'sans commentaire', 1, 4087),
(7112, 'tricherie', 0, 4086),
(7115, 'plagiat ', 0, 4084),
(7116, 'plagiat', 0, 4083),
(7117, 'Excellent pour vous !', 13, 4083),
(7118, 'Bien', 15, 4082),
(7119, 'Nul', 5, 4081),
(7120, 'tricherie', 0, 4080),
(7121, 'En progres', 13, 4080),
(7122, 'Passable ..', 20, 4080),
(7123, 'sans commentaire', 1, 4079),
(7124, 'presque parfait', 19, 4078),
(7125, 'pourquoi pas', 2, 4072),
(7127, 'peu mieux faire', 1, 4060),
(7128, 'Pitoyable', 3, 4046),
(7129, 'Excellent', 18, 4045),
(7130, 'pourquoi pas', 2, 4044),
(7131, 'OK', 7, 4044),
(7132, 'sans commentaire', 1, 4043),
(7133, 'tricherie', 0, 4042),
(7137, 'plagiat ', 0, 4040),
(7138, 'plagiat', 0, 4039),
(7139, 'Bien', 15, 4038),
(7140, 'Nul', 5, 4037),
(7141, 'plagiat ', 0, 4037),
(7142, 'Bravo !!', 20, 4037),
(7143, 'En progres', 13, 4037),
(7144, 'tricherie', 0, 4036),
(7145, 'sans commentaire', 4, 4035),
(7146, 'presque parfait', 19, 4034),
(7147, 'pourquoi pas', 2, 4033),
(7148, 'plagiat ', 0, 4032),
(7149, 'peu mieux faire', 12, 4031),
(7150, 'plagiat', 0, 4031),
(7153, 'Très bien', 18, 4029),
(7154, 'Peu mieux faire', 20, 4028),
(7155, 'pourquoi pas', 2, 4027),
(7156, 'Très bien ', 18, 4026),
(7157, 'sans commentaire', 1, 4025),
(7158, 'tricherie', 0, 4025),
(7159, 'presque parfait', 19, 4025),
(7160, 'peu mieux faire', 12, 4024),
(7161, 'plagiat ', 0, 4023),
(7162, 'Excellent pour vous !', 13, 4023),
(7163, 'plagiat', 0, 4022),
(7164, 'Bien', 15, 4022),
(7165, 'Nul', 5, 4021),
(7166, 'En progres', 13, 4021),
(7167, 'Passable ..', 20, 4020),
(7168, 'tricherie', 0, 4016),
(7169, 'sans commentaire', 1, 4016),
(7170, 'presque parfait', 19, 4015),
(7171, 'pourquoi pas', 2, 4014),
(7172, 'plagiat ', 0, 4013),
(7173, 'plagiat', 0, 4013),
(7174, 'peu mieux faire', 12, 4013),
(7175, 'Nul', 5, 4012),
(7176, 'Nul', 5, 4012),
(7177, 'Bien', 15, 4011),
(7178, 'OK', 13, 4010),
(7179, 'Excellent', 18, 4010),
(7180, 'OK', 7, 4009),
(7183, 'tricherie', 0, 4007),
(7184, 'presque parfait', 19, 4006),
(7185, 'Excellent', 18, 4005),
(7186, 'plagiat ', 0, 4004),
(7187, 'peu mieux faire', 12, 4004),
(7188, 'plagiat', 0, 4003),
(7189, 'OK', 13, 4003),
(7190, 'Bien', 15, 4002),
(7191, 'En progres', 13, 4001),
(7192, 'Nul', 5, 4001),
(7193, 'Bravo !!', 20, 4001),
(7194, 'peu mieux faire', 12, 4368),
(7195, 'Excellent', 18, 4369),
(7196, 'presque parfait', 19, 4370),
(7198, 'plagiat ', 0, 4372),
(7199, 'plagiat', 0, 4502),
(7200, 'plagiat', 0, 4503),
(7201, 'Bien', 15, 4508),
(7203, 'Nul', 5, 4489),
(7204, 'plagiat ', 0, 4125),
(7205, 'Bravo !!', 20, 4236),
(7206, 'En progres', 13, 4527),
(7207, 'Bravo !!', 20, 4511),
(7208, 'En progres', 13, 4111),
(7209, 'Nul', 5, 4009),
(7210, 'plagiat ', 0, 4123),
(7211, 'tricherie', 0, 4478),
(7212, 'tricherie', 0, 4324),
(7213, 'sans commentaire', 1, 4035),
(7214, 'sans commentaire', 8, 4035),
(7215, 'presque parfait', 19, 4034),
(7216, 'presque parfait', 19, 4034),
(7217, 'pourquoi pas', 2, 4033),
(7218, 'pourquoi pas', 2, 4033),
(7219, 'no comment', 4, 4527),
(7221, 'affligeant', 8, 4525),
(7222, 'pour votre nom sur la copie', 1, 4530),
(7223, 'moyen..', 10, 4532),
(7225, 'TTB', 18, 4540),
(7226, '...', 0, 4538),
(7227, 'bravo ! enfin la moyenne !', 14, 4542),
(7229, 'Très bien', 18, 4545),
(7230, 'Bien', 15, 4514),
(7231, 'Nul', 5, 4523),
(7232, 'plagiat', 0, 4523),
(7234, 'plagiat ', 0, 4532),
(7235, 'pourquoi pas', 2, 4533),
(7236, 'presque parfait', 19, 4534),
(7237, 'sans commentaire', 1, 4535),
(7238, 'tricherie', 0, 4358),
(7239, 'En progres', 13, 4037),
(7240, 'Bravo !!', 20, 4037),
(7241, 'plagiat ', 0, 4037),
(7242, 'Nul', 5, 4037),
(7243, 'Bien', 15, 4038),
(7244, 'plagiat', 5, 4039),
(7245, 'plagiat ', 0, 4040),
(7249, 'tricherie', 0, 4042),
(7250, 'sans commentaire', 1, 4043),
(7251, 'OK', 7, 4044),
(7252, 'pourquoi pas', 2, 4044),
(7253, 'Excellent', 18, 4045),
(7329, 'Excellent', 18, 4145),
(7330, 'pourquoi pas', 2, 4256),
(7331, 'OK', 7, 4258),
(7332, 'sans commentaire', 14, 4043),
(7333, 'tricherie', 0, 4222),
(7334, 'peu mieux faire', 12, 4510),
(7335, 'presque parfait', 19, 4522),
(7336, 'Excellent', 16, 4533),
(7339, 'Bien', 15, 4498),
(7340, 'Nul', 15, 4469),
(7341, 'plagiat ', 0, 4499),
(7342, 'Bravo !!', 20, 4498),
(7343, 'En progres', 13, 4520),
(7344, 'tricherie', 0, 4510),
(7345, 'sans commentaire', 1, 4510),
(7346, 'presque parfait', 19, 4510),
(7347, 'pourquoi pas', 2, 4511),
(7348, 'plagiat ', 0, 4521),
(7349, 'peu mieux faire', 12, 4523),
(7350, 'plagiat', 0, 4522),
(7351, 'Nul', 5, 4111),
(7352, 'Bien', 15, 4336),
(7353, 'Très bien', 18, 4500),
(7354, 'excellent', 16, 4236),
(7355, 'Mediocre', 1, 4522),
(7356, 'Bien', 15, 4040),
(7357, 'Excellent', 18, 4051),
(7358, 'presque parfait', 19, 4062),
(7359, 'tricherie', 0, 4062),
(7360, 'pourquoi pas', 2, 4073),
(7361, 'OK', 7, 4106),
(7362, 'plagiat ', 0, 4128),
(7363, 'pourquoi pas', 2, 4183),
(7364, 'presque parfait', 19, 4205),
(7365, 'sans commentaire', 1, 4045),
(7366, 'Bien', 17, 4040),
(7367, 'Excellent', 15, 4051),
(7368, 'presque parfait', 5, 4062),
(7369, 'tricherie', 13, 4062),
(7370, 'pourquoi pas', 12, 4073),
(7371, 'OK', 7, 4106),
(7372, 'plagiat ', 15, 4128),
(7373, 'pourquoi pas', 2, 4183),
(7374, 'presque parfait', 19, 4205),
(7375, 'sans commentaire', 15, 4045),
(7376, 'Excellent', 18, 4025),
(7377, 'peu mieux faire', 12, 4032),
(7378, 'Excellent', 18, 4005),
(7379, 'OK', 7.5, 4098),
(7380, 'Impressionant', 18, 4120),
(7381, 'Nul', 17.5, 4264),
(7382, 'Bravo !!', 20, 4027),
(7383, 'En progres', 13.5, 4060),
(7384, 'bien', 15, 4126),
(7385, 'peu mieux faire', 12.5, 4159),
(7386, 'pourquoi pas', 2.5, 4181),
(7387, 'En progres', 13.5, 4127),
(7388, 'Bravo !!', 20, 4143),
(7389, 'bien', 20, 4176),
(7390, 'peu mieux faire', 15.5, 4231),
(7391, 'pourquoi pas', 10, 4231),
(7392, 'En progres', 13.5, 4143),
(7393, 'Bravo !!', 20, 4143),
(7394, 'bien', 20, 4176),
(7395, 'peu mieux faire', 19.5, 4231),
(7396, 'Felicitation', 20, 4231),
(7397, 'En progres', 16.5, 4143),
(7398, 'Bien', 16, 4315),
(7399, 'ok', 14, 4315),
(7400, 'ok', 12.5, 4324),
(7415, 'tb', 18, 4333),
(7416, 'tb', 17, 4315),
(7417, 'ab', 12, 4342),
(7418, 'tb', 15, 4342),
(7419, 'nb', 10, 4348),
(7420, 'mouais', 11.5, 4354),
(7421, 'tb', 16, 4354),
(7422, 'tb', 16, 4317),
(7423, 'excellent ', 18, 4317),
(7424, 'nul', 5.5, 4326),
(7425, 'passable', 14, 4326),
(7426, 'remarquable', 18, 4326),
(7427, 'les mots me manquent', 19.5, 4335),
(7428, 'Bravo !!', 20, 4318),
(7429, 'En progres', 13.5, 4327),
(7430, 'Nul', 5, 4336),
(7431, 'Bien', 15, 4318),
(7432, 'plagiat', 0.5, 4318),
(7433, 'peu mieux faire', 12.5, 4327),
(7434, 'Excellent', 18, 4336),
(7435, 'presque parfait', 19, 4336),
(7436, 'sans commentaire', 1, 4327),
(7437, 'OK', 13.5, 4327),
(7438, 'Excellent', 18, 4336),
(7441, 'peu mieux faire', 15, 4013),
(7442, 'pourquoi pas', 2.5, 4349),
(7443, 'presque parfait', 19, 4327),
(7454, 'Bravo !!', 20, 4311),
(7455, 'En progres', 13.5, 4320),
(7456, 'Nul', 5, 4320),
(7457, 'En progres', 13, 4329),
(7458, 'Nul', 5, 4329),
(7459, 'Bravo !!', 20, 4311),
(7460, 'Bien', 15, 4320),
(7461, 'Bien', 15, 4329),
(7462, 'plagiat', 0.5, 4311),
(7463, 'OK', 13.5, 4329),
(7464, 'plagiat', 0, 4320),
(7465, 'OK', 13, 4311),
(7466, 'plagiat ', 0.5, 4320),
(7467, 'peu mieux faire', 12.5, 4329),
(7468, 'peu mieux faire', 12, 4311),
(7469, 'plagiat ', 0, 4320),
(7470, 'Excellent', 18, 4329),
(7471, 'Excellent', 18, 4320),
(7472, 'Excellent', 18, 4330),
(7473, 'presque parfait', 19, 4339),
(7474, 'presque parfait', 19, 4321),
(7475, 'tricherie', 0, 4321),
(7476, 'tricherie', 0, 4007),
(7477, 'OK', 7, 4345),
(7478, 'Nul', 5, 4009),
(7629, 'pourquoi pas', 2.5, 4343),
(7630, 'pourquoi pas', 2, 4349),
(7631, 'pourquoi pas', 2, 4355),
(7632, 'tricherie', 0, 4205),
(7633, 'presque parfait', 19, 4343),
(7634, 'presque parfait', 19, 4205),
(7635, 'tricherie', 0, 4222),
(7636, 'pourquoi pas', 10, 4355),
(7637, 'Felicitation', 20, 4355),
(7638, 'peu mieux faire', 19.5, 4231),
(7639, 'peu mieux faire', 15.5, 4231),
(7640, 'Bravo !!', 20, 4236),
(7641, 'excellent', 16, 4236),
(7642, 'plagiat ', 0, 4256),
(7643, 'pourquoi pas', 2, 4256),
(7644, 'OK', 7, 4258),
(7645, 'Nul', 17.5, 4264),
(7646, 'OK', 13, 4311),
(7647, 'Bravo !!', 20, 4311),
(7648, 'Bravo !!', 20, 4311),
(7649, 'plagiat', 0.5, 4311),
(7650, 'peu mieux faire', 12, 4311),
(7651, 'tb', 17, 4315),
(7652, 'Bien', 16, 4315),
(7653, 'ok', 14, 4315),
(7654, 'pourquoi pas', 2, 4345),
(7655, 'OK', 7, 4351),
(7656, 'OK', 7, 4357),
(7657, 'plagiat', 0, 4345),
(7658, 'Nul', 5, 4351),
(7659, 'En progres', 13, 4357),
(7660, 'Impressionant', 18, 4351),
(7661, 'presque parfait', 19, 4345),
(7662, 'plagiat ', 0, 4357),
(7663, 'sans commentaire', 1, 4357),
(7664, 'plagiat ', 0, 4125),
(7665, 'bien', 15, 4357),
(7666, 'En progres', 13.5, 4127),
(7667, 'plagiat ', 15, 4128),
(7668, 'plagiat ', 0, 4128),
(7669, 'tricherie', 0, 4136),
(7670, 'En progres', 16.5, 4143),
(7671, 'En progres', 13.5, 4390),
(7672, 'Bravo !!', 20, 4400),
(7673, 'Bravo !!', 20, 4409),
(7674, 'Excellent', 18, 4390),
(7675, 'peu mieux faire', 12.5, 4400),
(7676, 'bien', 20, 4409),
(7677, 'bien', 20, 4390),
(7678, 'presque parfait', 19, 4409),
(7679, 'presque parfait', 19, 4367),
(7680, 'bien', 12, 4359),
(7681, 'bien', 12.5, 4375),
(7682, 'peu mieux faire', 12.5, 4360),
(7683, 'Excellent', 18, 4368),
(7684, 'Bravo !!', 20, 4376),
(7685, 'Bravo !!', 20, 4400),
(7686, 'En progres', 13.5, 4376),
(7687, 'En progres', 16.5, 4143),
(7688, 'tricherie', 0, 4376),
(7689, 'plagiat ', 0, 4128),
(7690, 'bien', 15, 4361),
(7691, 'En progres', 13.5, 4369),
(7692, 'bien', 9.8, 4377),
(7693, 'plagiat ', 0, 4370),
(7694, 'sans commentaire', 1, 4357),
(7695, 'plagiat ', 0, 4357),
(7696, 'presque parfait', 19, 4370),
(7697, 'Impressionant', 18, 4362),
(7698, 'En progres', 13, 4362),
(7699, 'Nul', 5, 4378),
(7700, 'plagiat', 0, 4345),
(7701, 'OK', 7, 4378),
(7702, 'OK', 7, 4351),
(7703, 'pourquoi pas', 2, 4345),
(7704, 'bien', 9.8, 4364),
(7705, 'En progres', 13.5, 4372),
(7706, 'bien', 15, 4380),
(7707, 'En progres', 16.5, 4143),
(7708, 'En progres', 13.5, 4365),
(7709, 'Excellent', 18, 4373),
(7710, 'En progres', 13.5, 4381),
(7711, 'En progres', 13.5, 4366),
(7712, 'bien', 9.8, 4374),
(7713, 'pourquoi pas', 2, 4382),
(7714, 'Bravo !!', 17.5, 4266),
(7715, 'En progres', 13.5, 4273),
(7716, 'Nul', 5, 4267),
(7717, 'Bien', 15, 4274),
(7718, 'plagiat', 0.5, 4003),
(7719, 'plagiat ', 0.5, 4004),
(7720, 'peu mieux faire', 12.5, 4268),
(7721, 'Excellent', 18, 4275),
(7722, 'presque parfait', 19, 4282),
(7723, 'tricherie', 0, 4007),
(7724, 'OK', 7, 4296),
(7725, 'OK', 13.5, 4276),
(7726, 'Excellent', 18, 4270),
(7727, 'Bien', 15, 4277),
(7728, 'Nul', 5, 4271),
(7729, 'peu mieux faire', 12, 4279),
(7730, 'tb', 16, 4285),
(7731, 'plagiat ', 0, 4013),
(7732, 'pourquoi pas', 15, 4272),
(7733, 'presque parfait', 19, 4279),
(7734, 'sans commentaire', 1.5, 4016),
(7735, 'tricherie', 0, 4016),
(7736, 'Passable ..', 20, 4020),
(7737, 'En progres', 13, 4286),
(7738, 'Nul', 5, 4021),
(7739, 'Bien', 15, 4284),
(7740, 'Nul', 5, 4296),
(7741, 'plagiat', 0, 4523),
(7742, 'plagiat ', 0, 4532),
(7743, 'pourquoi pas', 2, 4533),
(7744, 'presque parfait', 15, 4288),
(7745, 'sans commentaire', 13, 4297),
(7746, 'tricherie', 0, 4358),
(7747, 'En progres', 13, 4289),
(7748, 'Bravo !!', 20, 4037),
(7749, 'plagiat ', 0, 4037),
(7750, 'Nul', 5, 4298),
(7751, 'Bien', 15, 4290),
(7752, 'plagiat', 5, 4299),
(7753, 'plagiat ', 0, 4040),
(7754, 'tricherie', 0, 4042),
(7755, 'sans commentaire', 8.5, 4291),
(7756, 'OK', 9, 4300),
(7757, 'pourquoi pas', 9.3, 4309),
(7758, 'Excellent', 18, 4293),
(7759, 'Excellent', 18, 4302),
(7760, 'pourquoi pas', 2, 4256),
(7761, 'OK', 7, 4311),
(7762, 'sans commentaire', 14, 4294),
(7763, 'tricherie', 0, 4222),
(7764, 'Nul', 5, 4294),
(7765, 'En progres', 13, 4303),
(7766, 'Bien', 15, 4312),
(7767, 'Excellent', 18, 4295),
(7768, 'OK', 7, 4304),
(7769, 'sans commentaire', 14, 4313),
(7770, 'presque parfait', 19, 4383),
(7771, 'Très bien ', 18, 4392),
(7772, 'En progres', 16.5, 4384),
(7773, 'Excellent', 16, 4394),
(7774, 'Bien', 15, 4403),
(7775, 'Bien', 15, 4385),
(7776, 'En progres', 13, 4395),
(7777, 'peu mieux faire', 12.5, 4404),
(7778, 'peu mieux faire', 12, 4386),
(7779, 'peu mieux faire', 12, 4396),
(7780, 'pourquoi pas', 9.3, 4405),
(7781, 'OK', 7, 4388),
(7782, 'Nul', 5, 4398),
(7783, 'Bravo !!', 20, 4001),
(7784, 'En progres', 13.5, 4407),
(7785, 'Nul', 5, 4399),
(7786, 'Bien', 15, 4389),
(7787, 'plagiat', 0.5, 4003),
(7788, 'plagiat ', 0.5, 4004),
(7789, 'peu mieux faire', 12.5, 4390),
(7790, 'Excellent', 18, 4400),
(7791, 'presque parfait', 19, 4409),
(7792, 'tricherie', 0, 4007),
(7793, 'OK', 7, 4391),
(7794, 'OK', 13.5, 4401),
(7795, 'Excellent', 18, 4410),
(7796, 'Bien', 15, 4011),
(7797, 'Nul', 5, 4012),
(7798, 'peu mieux faire', 12, 4013),
(7799, 'tb', 16, 4013),
(7800, 'plagiat ', 0, 4013),
(7801, 'pourquoi pas', 2.5, 4014),
(7802, 'presque parfait', 19, 4015),
(7803, 'sans commentaire', 1.5, 4016),
(7804, 'tricherie', 0, 4016),
(7805, 'Passable ..', 20, 4020),
(7806, 'En progres', 13, 4021),
(7807, 'Nul', 5, 4021),
(7808, 'En progres', 13.5, 4315),
(7809, 'Nul', 5, 4324),
(7810, 'Bien', 15, 4333),
(7811, 'peu mieux faire', 12.5, 4316),
(7812, 'Excellent', 18, 4325),
(7813, 'OK', 7, 4334),
(7814, 'OK', 13.5, 4318),
(7815, 'Bien', 15, 4327),
(7816, 'peu mieux faire', 12, 4336),
(7817, 'En progres', 13, 4321),
(7818, 'Nul', 5, 4330),
(7819, 'peu mieux faire', 12.5, 4339),
(7820, 'Excellent', 18, 4493),
(7821, 'OK', 7, 4502),
(7822, 'OK', 13.5, 4511),
(7823, 'Bien', 15, 4503),
(7824, 'peu mieux faire', 12, 4512),
(7825, 'En progres', 13, 4521),
(7826, 'Nul', 5, 4478),
(7827, 'peu mieux faire', 12.5, 4487),
(7828, 'Excellent', 18, 4496),
(7829, 'OK', 7, 4334),
(7830, 'OK', 13.5, 4455),
(7831, 'Bien', 15, 4463),
(7832, 'peu mieux faire', 12, 4471),
(7833, 'En progres', 13, 4481),
(7834, 'Nul', 5, 4490),
(7835, 'peu mieux faire', 12.5, 4499),
(7836, 'Excellent', 18, 4508),
(7837, 'OK', 7, 4517),
(7838, 'OK', 13.5, 4526),
(7839, 'Bien', 15, 4503),
(7840, 'peu mieux faire', 12, 4512),
(7841, 'En progres', 13, 4521),
(7842, 'Nul', 5, 4478),
(7843, 'peu mieux faire', 12.5, 4487);

-- --------------------------------------------------------

--
-- Structure de la table `inscription`
--

DROP TABLE IF EXISTS `inscription`;
CREATE TABLE IF NOT EXISTS `inscription` (
  `ID_inscription` int(11) NOT NULL AUTO_INCREMENT,
  `ID_classe` int(11) DEFAULT NULL,
  `ID_etudiant` int(11) DEFAULT NULL,
  PRIMARY KEY (`ID_inscription`),
  KEY `FOREIGN` (`ID_etudiant`) USING BTREE,
  KEY `ID_classe` (`ID_classe`)
) ENGINE=InnoDB AUTO_INCREMENT=1000000002 DEFAULT CHARSET=latin1;

--
-- Déchargement des données de la table `inscription`
--

INSERT INTO `inscription` (`ID_inscription`, `ID_classe`, `ID_etudiant`) VALUES
(8001, 3001, 13001),
(8002, 3001, 13002),
(8003, 3001, 13003),
(8004, 3001, 13004),
(8005, 3002, 13005),
(8006, 3002, 13006),
(8007, 3002, 13007),
(8008, 3002, 13008),
(8009, 3003, 13009),
(8010, 3003, 13010),
(8011, 3003, 13011),
(8012, 3003, 13012),
(8013, 3004, 13013),
(8014, 3004, 13014),
(8015, 3004, 13015),
(8016, 3004, 13016),
(8017, 3005, 13017),
(8018, 3005, 13018),
(8019, 3005, 13019),
(8020, 3005, 13020),
(8021, 3006, 13021),
(8022, 3006, 13022),
(8023, 3006, 13023),
(8024, 3006, 13024),
(8025, 3007, 13025),
(8026, 3007, 13026),
(8027, 3007, 13027),
(8028, 3007, 13028),
(8029, 3008, 13029),
(8041, 3013, 13001),
(8042, 3013, 13002),
(8043, 3013, 13003),
(8044, 3013, 13004),
(8045, 3014, 13005),
(8046, 3014, 13006),
(8047, 3014, 13007),
(8048, 3014, 13008),
(8049, 3015, 13013),
(8050, 3016, 13014);

-- --------------------------------------------------------

--
-- Structure de la table `niveau`
--

DROP TABLE IF EXISTS `niveau`;
CREATE TABLE IF NOT EXISTS `niveau` (
  `ID_niveau` int(11) NOT NULL AUTO_INCREMENT,
  `Nom` varchar(255) NOT NULL,
  PRIMARY KEY (`ID_niveau`)
) ENGINE=InnoDB AUTO_INCREMENT=9008 DEFAULT CHARSET=latin1;

--
-- Déchargement des données de la table `niveau`
--

INSERT INTO `niveau` (`ID_niveau`, `Nom`) VALUES
(9001, '3eme'),
(9002, '2nd'),
(9003, '1ere'),
(9004, 'T');

-- --------------------------------------------------------

--
-- Structure de la table `trimestre`
--

DROP TABLE IF EXISTS `trimestre`;
CREATE TABLE IF NOT EXISTS `trimestre` (
  `ID_trimestre` int(11) NOT NULL AUTO_INCREMENT,
  `Numero` int(11) NOT NULL,
  `ID_anneescolaire` int(11) DEFAULT NULL,
  `Jour_Debut` int(11) NOT NULL,
  `Mois_Debut` int(11) NOT NULL,
  `Annee_Debut` int(11) NOT NULL,
  `Jour_Fin` int(11) NOT NULL,
  `Mois_Fin` int(11) NOT NULL,
  `Annee_Fin` int(11) NOT NULL,
  PRIMARY KEY (`ID_trimestre`),
  KEY `ID_anneescolaire` (`ID_anneescolaire`)
) ENGINE=InnoDB AUTO_INCREMENT=11007 DEFAULT CHARSET=latin1;

--
-- Déchargement des données de la table `trimestre`
--

INSERT INTO `trimestre` (`ID_trimestre`, `Numero`, `ID_anneescolaire`, `Jour_Debut`, `Mois_Debut`, `Annee_Debut`, `Jour_Fin`, `Mois_Fin`, `Annee_Fin`) VALUES
(11001, 1, 1001, 2, 9, 2017, 20, 12, 2017),
(11002, 2, 1001, 1, 1, 2018, 10, 3, 2018),
(11003, 3, 1001, 11, 3, 2018, 19, 6, 2018),
(11004, 1, 1002, 10, 9, 2018, 15, 12, 2018),
(11005, 2, 1002, 7, 1, 2019, 1, 3, 2019),
(11006, 3, 1002, 4, 3, 2019, 7, 6, 2019);

--
-- Contraintes pour les tables déchargées
--

--
-- Contraintes pour la table `bulletin`
--
ALTER TABLE `bulletin`
  ADD CONSTRAINT `bulletin_ibfk_1` FOREIGN KEY (`ID_trimestre`) REFERENCES `trimestre` (`ID_trimestre`) ON DELETE CASCADE ON UPDATE CASCADE,
  ADD CONSTRAINT `bulletin_ibfk_2` FOREIGN KEY (`ID_inscription`) REFERENCES `inscription` (`ID_inscription`) ON DELETE CASCADE ON UPDATE CASCADE;

--
-- Contraintes pour la table `classe`
--
ALTER TABLE `classe`
  ADD CONSTRAINT `classe_ibfk_1` FOREIGN KEY (`ID_niveau`) REFERENCES `niveau` (`ID_niveau`) ON DELETE CASCADE ON UPDATE CASCADE,
  ADD CONSTRAINT `classe_ibfk_2` FOREIGN KEY (`ID_anneescolaire`) REFERENCES `anneescolaire` (`ID_anneescolaire`) ON DELETE SET NULL ON UPDATE CASCADE;

--
-- Contraintes pour la table `detailbulletin`
--
ALTER TABLE `detailbulletin`
  ADD CONSTRAINT `detailbulletin_ibfk_1` FOREIGN KEY (`ID_bulletin`) REFERENCES `bulletin` (`ID_bulletin`) ON DELETE CASCADE ON UPDATE CASCADE,
  ADD CONSTRAINT `detailbulletin_ibfk_2` FOREIGN KEY (`ID_enseignement`) REFERENCES `enseignement` (`ID_enseignement`) ON DELETE CASCADE ON UPDATE CASCADE;

--
-- Contraintes pour la table `enseignement`
--
ALTER TABLE `enseignement`
  ADD CONSTRAINT `enseignement_ibfk_1` FOREIGN KEY (`ID_discipline`) REFERENCES `discipline` (`ID_discipline`) ON DELETE CASCADE ON UPDATE CASCADE,
  ADD CONSTRAINT `enseignement_ibfk_2` FOREIGN KEY (`ID_classe`) REFERENCES `classe` (`ID_classe`) ON DELETE SET NULL ON UPDATE CASCADE,
  ADD CONSTRAINT `enseignement_ibfk_3` FOREIGN KEY (`ID_enseignant`) REFERENCES `enseignant` (`ID_enseignant`) ON DELETE SET NULL ON UPDATE CASCADE;

--
-- Contraintes pour la table `evaluation`
--
ALTER TABLE `evaluation`
  ADD CONSTRAINT `evaluation_ibfk_1` FOREIGN KEY (`ID_detailbulletin`) REFERENCES `detailbulletin` (`ID_detailbulletin`) ON DELETE CASCADE ON UPDATE CASCADE;

--
-- Contraintes pour la table `inscription`
--
ALTER TABLE `inscription`
  ADD CONSTRAINT `inscription_ibfk_1` FOREIGN KEY (`ID_classe`) REFERENCES `classe` (`ID_classe`) ON DELETE SET NULL ON UPDATE CASCADE,
  ADD CONSTRAINT `inscription_ibfk_2` FOREIGN KEY (`ID_etudiant`) REFERENCES `etudiant` (`ID_etudiant`) ON DELETE CASCADE ON UPDATE CASCADE;

--
-- Contraintes pour la table `trimestre`
--
ALTER TABLE `trimestre`
  ADD CONSTRAINT `trimestre_ibfk_1` FOREIGN KEY (`ID_anneescolaire`) REFERENCES `anneescolaire` (`ID_anneescolaire`) ON DELETE SET NULL ON UPDATE CASCADE;
COMMIT;

/*!40101 SET CHARACTER_SET_CLIENT=@OLD_CHARACTER_SET_CLIENT */;
/*!40101 SET CHARACTER_SET_RESULTS=@OLD_CHARACTER_SET_RESULTS */;
/*!40101 SET COLLATION_CONNECTION=@OLD_COLLATION_CONNECTION */;
